"last_name, first_name","player_id","attempts","avg_hit_angle","anglesweetspotpercent","max_hit_speed","avg_hit_speed","ev50","fbld","gb","max_distance","avg_distance","avg_hr_distance","ev95plus","ev95percent","barrels","brl_percent","brl_pa"
"Wilson, Jacob","805779","147","7.2",31.3,"108.5","86.9","96","86.7","88.3","414","126","377","39",26.5,"3",2,1.8
"Bichette, Bo","666182","143","10.5",41.3,"112.3","90.8","101.5","95.4","87.8","389","166","382","67",46.9,"13",9.1,7
"Kwan, Steven","680757","143","11.5",41.3,"104.1","86.7","95.4","87.6","85.6","406","160","377","32",22.4,"3",2.1,1.7
"Duran, Jarren","680776","141","12.1",34.8,"112","92.2","102.7","94.3","92","394","160","383","64",45.4,"10",7.1,5.2
"Díaz, Yandy","650490","138","5.1",26.1,"113.4","93.5","105.5","97.4","92.5","415","142","375","75",54.3,"12",8.7,6.9
"Tucker, Kyle","663656","138","18.6",37.7,"108.1","90.8","100.6","94.5","84.9","427","201","394","62",44.9,"20",14.5,10.5
"Chourio, Jackson","694192","137","9.1",29.9,"110","88.1","101.1","96.8","80.9","448","159","403","60",43.8,"12",8.8,6.7
"Lindor, Francisco","596019","137","12",29.2,"109.7","89.6","100.7","94.6","85.7","415","159","394","59",43.1,"13",9.5,7
"Donovan, Brendan","680977","136","9.9",41.2,"109.2","89","100.2","93.3","85.5","404","167","386","59",43.4,"10",7.4,6
"Arraez, Luis","650333","136","11.7",39.7,"107.8","85.4","93.3","88.1","82","376","158","355","25",18.4,"0",0,0
"Lee, Jung Hoo","808982","135","12.2",37,"105.4","89","97.8","91.6","87.8","406","165","385","43",31.9,"6",4.4,3.6
"Albies, Ozzie","645277","134","21.4",33.6,"106.8","86.8","96","90.1","85","413","173","374","36",26.9,"6",4.5,3.4
"Hoerner, Nico","663538","133","11.7",32.3,"104.7","86.7","95.9","88.3","86.9","369","152",,"39",29.3,"1",0.8,0.6
"Betts, Mookie","605141","133","15.8",36.8,"107.2","88.8","97.5","91","86.5","398","183","385","45",33.8,"4",3,2.4
"Witt Jr., Bobby","677951","131","13.5",35.1,"113","91.5","102.8","95.4","86.4","408","188","383","61",46.6,"14",10.7,7.6
"Edwards, Xavier","669364","131","10.6",29.8,"109","85.6","95.6","87.6","85.8","362","146",,"33",25.2,"0",0,0
"Perdomo, Geraldo","672695","130","15",35.4,"107.5","88.5","97.2","91.5","87","399","167","385","40",30.8,"6",4.6,3.4
"Friedl, TJ","670770","130","13.4",30.8,"106.9","87.6","97.7","89.9","88.1","407","149","395","42",32.3,"3",2.3,1.7
"Naylor, Josh","647304","130","9",26.9,"110.8","90","101.8","92.1","89.6","417","150","392","58",44.6,"9",6.9,5.2
"Bregman, Alex","608324","130","18.7",32.3,"109.6","92.4","100.5","94.9","90.3","411","186","397","63",48.5,"14",10.8,7.6
"Harris II, Michael","671739","130","6.5",33.8,"112.4","89.6","102","93.2","87","446","152","412","50",38.5,"9",6.9,5.4
"Gurriel Jr., Lourdes","666971","129","18",38,"109.1","87.5","99.6","93.1","82.4","416","190","403","48",37.2,"12",9.3,7.7
"Pasquantino, Vinnie","686469","129","18.3",33.3,"111.5","91.1","100.8","93.7","90","422","190","396","58",45,"12",9.3,6.9
"Peña, Jeremy","665161","128","7.9",32,"108.6","88.7","101.3","95.4","85.3","407","144","383","56",43.8,"10",7.8,6
"Nootbaar, Lars","663457","128","17.7",34.4,"112.7","91.8","102.7","95.8","88.6","418","182","389","65",50.8,"15",11.7,8
"Happ, Ian","664023","127","17.8",38.6,"112","89.4","100.7","94.4","85.2","404","173","377","52",40.9,"11",8.7,5.9
"Ramírez, José","608070","125","19.9",38.4,"111.3","88","98.5","91.3","86.7","408","186","385","45",36,"10",8,6.3
"Soto, Juan","665742","124","9.1",31.5,"114.3","94.6","105.1","99.4","91.3","434","161","397","70",56.5,"18",14.5,9.8
"Turner, Trea","607208","124","7.4",32.3,"108.7","89.2","99.8","92.5","87.4","403","147","403","51",41.1,"6",4.8,3.5
"Arenado, Nolan","571448","124","15.5",26.6,"107.9","86.7","97.3","89.7","85","390","157","381","41",33.1,"5",4,3.1
"Goldschmidt, Paul","502671","124","12.7",41.1,"109.2","89.4","100.3","93.8","83.7","425","174","401","48",38.7,"12",9.7,7.2
"Carroll, Corbin","682998","124","15.1",29.8,"115.8","93.8","105.3","98.1","90.6","434","186","409","68",54.8,"20",16.1,10.5
"France, Ty","664034","124","9.4",37.9,"108.7","89.6","100.7","92.9","85.9","411","166","402","54",43.5,"14",11.3,8.4
"Crow-Armstrong, Pete","691718","123","22.1",35.8,"108.6","90","100.1","93.8","83.4","418","197","390","51",41.5,"17",13.8,9.9
"Rodríguez, Julio","677594","123","10.3",33.3,"114.7","92.1","103.3","96.1","90.4","438","158","418","59",48,"10",8.1,5.6
"Garcia, Maikel","672580","122","8.7",36.9,"110.3","92.4","102.3","94.9","91.2","428","162","410","60",49.2,"8",6.6,4.9
"Castellanos, Nick","592206","122","17.9",45.1,"108.5","89.8","99.4","92.5","86.5","414","198","394","50",41,"10",8.2,6.1
"Nimmo, Brandon","607043","121","10.9",30.6,"108.3","92.5","102.2","95.1","91.2","412","164","398","67",55.4,"14",11.6,8.6
"Guerrero Jr., Vladimir","665489","120","8.1",34.2,"120.4","93","105.2","98.3","89.6","421","158","412","62",51.7,"17",14.2,9.6
"Tatis Jr., Fernando","665487","120","4.3",27.5,"112.8","94","104.4","98.9","91.2","427","144","406","67",55.8,"17",14.2,10.3
"Machado, Manny","592518","119","13.9",41.2,"114.8","93.1","103.9","96.5","90.5","405","175","393","67",56.3,"14",11.8,8.7
"Altuve, Jose","514888","119","14.1",17.6,"107","84.8","96.9","91.7","83.9","402","124","378","39",32.8,"6",5,3.8
"Rooker, Brent","667670","119","14.8",36.1,"110.3","91.3","101.4","96","87.6","425","182","393","55",46.2,"16",13.4,8.8
"Soderstrom, Tyler","691016","119","11.6",42.9,"111.7","92","103.6","95.3","89.2","432","179","389","60",50.4,"18",15.1,10.5
"Perez, Salvador","521692","118","17.9",41.5,"111.6","90.6","102.2","94.2","86.4","418","196","406","55",46.6,"18",15.3,11.2
"Bohm, Alec","664761","118","6.4",34.7,"109.3","91.2","101","91.6","91.7","397","149","342","57",48.3,"10",8.5,6.5
"India, Jonathan","663697","118","18.7",36.4,"107.2","89.7","98.5","91.3","90.8","401","178","393","45",38.1,"7",5.9,4.2
"Hayes, Ke'Bryan","663647","117","10.5",27.4,"108.3","90.9","100.7","94.2","89.3","388","143","348","54",46.2,"6",5.1,3.8
"Caminero, Junior","691406","117","4.9",23.9,"116.5","91.3","103.3","96.7","89.1","413","139","389","58",49.6,"11",9.4,7.1
"Judge, Aaron","592450","116","15.8",38.8,"116.8","95.9","106.7","98.4","92.4","468","194","400","67",57.8,"29",25,16.1
"Harper, Bryce","547180","116","15.6",40.5,"110.6","91.5","102","94.3","86.6","421","199","391","57",49.1,"13",11.2,7.2
"Correa, Carlos","621043","116","4.5",29.3,"112.6","89.2","101.3","92.7","87.4","458","132","408","46",39.7,"5",4.3,3.3
"Alonso, Pete","624413","116","12.6",37.1,"114.6","94.9","106.4","100","89.6","443","174","408","67",57.8,"22",19,12.1
"Adames, Willy","642715","116","21.3",28.4,"109.6","88.5","99.3","94.8","80.4","401","179","392","52",44.8,"12",10.3,6.6
"Massey, Michael","686681","115","23",34.8,"108","87.4","97.3","89.9","88.7","404","191","404","37",32.2,"4",3.5,2.8
"Ruiz, Keibert","660688","115","8.2",30.4,"107.8","86.2","96.7","88.3","87","414","132","393","38",33,"2",1.7,1.4
"Ortiz, Joey","687401","115","16.1",27.8,"108.9","84.6","97.9","89.6","82.5","376","145","334","40",34.8,"3",2.6,2
"Riley, Austin","663586","115","17.5",40.9,"113.2","92.8","105","98.1","85.7","444","194","413","60",52.2,"20",17.4,11.3
"Vaughn, Andrew","683734","114","15.8",34.2,"110.5","92.1","102.1","96.3","89.3","405","174","391","57",50,"18",15.8,11.3
"Frelick, Sal","686217","114","6.2",24.6,"106.6","86.2","96.8","91.2","83.7","408","114","408","35",30.7,"1",0.9,0.7
"Langeliers, Shea","669127","114","11.9",35.1,"114.5","90.6","102.6","95.5","86","429","165","399","54",47.4,"14",12.3,9.5
"Larnach, Trevor","663616","114","8.4",30.7,"111.8","90.1","101.4","93.3","87.7","434","154","395","50",43.9,"9",7.9,5.4
"García Jr., Luis","671277","114","7.4",28.9,"111.7","89.3","99.8","94.5","85.3","420","156","397","49",43,"7",6.1,4.8
"Reynolds, Bryan","668804","113","5.1",33.6,"112","91.3","102.6","95.6","87.2","410","158","390","53",46.9,"14",12.4,7.8
"Ramos, Heliot","671218","113","8.3",33.6,"113.6","91.2","103","97.6","87","430","164","389","53",46.9,"16",14.2,9.4
"Semien, Marcus","543760","113","17.5",33.6,"110","88.6","98.4","91.7","86.4","417","178","401","40",35.4,"9",8,5.5
"Stott, Bryson","681082","112","15.4",37.5,"108.5","86.2","96.3","88.2","83.9","409","166","386","32",28.6,"6",5.4,3.8
"Devers, Rafael","646240","112","15.8",40.2,"111.1","95.6","104.5","96.2","95.9","440","189","395","69",61.6,"21",18.8,11
"Swanson, Dansby","621020","111","15.2",33.3,"109.3","90.8","101.4","96.1","86.1","420","169","397","53",47.7,"12",10.8,7
"Butler, Lawrence","671732","111","12.1",33.3,"113.6","92.4","102.7","96.3","88.1","435","183","420","49",44.1,"13",11.7,7.7
"Santana, Carlos","467793","111","14.5",27,"113.2","88","100.6","93.7","88.1","415","145","385","44",39.6,"8",7.2,5
"Turang, Brice","668930","111","6.5",34.2,"109.8","91.6","99.9","94.5","89.6","444","144","425","49",44.1,"9",8.1,5.5
"De La Cruz, Elly","682829","111","3.5",28.8,"114.8","90.4","102.9","95.1","87.5","436","134","398","50",45,"14",12.6,7.6
"Paredes, Isaac","670623","111","17.6",39.6,"107.4","85.7","97.3","89.3","82.1","390","175","365","35",31.5,"4",3.6,2.4
"Ohtani, Shohei","660271","110","13.8",38.2,"117.9","97","107.8","102","90.7","448","200","405","73",66.4,"27",24.5,14.8
"García, Adolis","666969","110","21.6",32.7,"113.6","92.1","101.5","94","91.8","431","201","404","53",48.2,"16",14.5,10.2
"Carpenter, Kerry","681481","110","21.7",37.3,"109.2","91.2","100.9","96.1","87.9","413","192","380","51",46.4,"16",14.5,11.3
"Rutschman, Adley","668939","109","15.5",33.9,"110.2","89.1","99.1","92.8","84.3","436","181","420","41",37.6,"10",9.2,6.6
"Wood, James","695578","109","3.2",29.4,"117.9","93.7","106","99.7","88.6","445","154","410","64",58.7,"17",15.6,9.3
"Schanuel, Nolan","694384","109","9.6",42.2,"109.8","87.9","97.1","91.4","84","392","163","377","32",29.4,"4",3.7,2.7
"Story, Trevor","596115","109","13",31.2,"111.7","89.8","102.6","93.4","88.6","427","158","393","54",49.5,"11",10.1,6.5
"Ward, Taylor","621493","108","21.2",30.6,"110.3","91.2","101.8","96.6","84.3","419","194","384","51",47.2,"15",13.9,9.4
"Schwarber, Kyle","656941","108","17.9",32.4,"116.7","94.1","104.4","97.3","90.8","462","191","407","63",58.3,"16",14.8,9
"Contreras, Willson","575929","108","5.7",38.9,"114.7","89.5","102.6","93.6","86.7","421","152","398","46",42.6,"12",11.1,7
"Flores, Wilmer","527038","108","16.6",37,"104.7","84.4","95.4","90.7","79.9","399","160","380","25",23.1,"6",5.6,4
"Santander, Anthony","623993","108","16.2",29.6,"110.4","90.7","100.5","93.8","88.9","409","170","398","47",43.5,"5",4.6,3.1
"Goodman, Hunter","696100","107","17.2",25.2,"116.2","90.5","102.2","94.6","87.7","421","176","394","52",48.6,"9",8.4,5.9
"Olson, Matt","621566","107","11.9",35.5,"113.8","94.2","104.2","98.5","91.3","434","179","414","58",54.2,"18",16.8,10.3
"Wagaman, Eric","676572","107","8.6",34.6,"110.3","91.3","101.3","94.7","89.6","427","153","419","48",44.9,"8",7.5,5.8
"Bleday, JJ","668709","106","21.3",29.2,"109.9","89.6","100.1","92.1","88.7","387","180","365","45",42.5,"4",3.8,2.5
"Bellinger, Cody","641355","106","20.3",34.9,"110.2","89.7","99.8","92.8","88.5","451","189","402","44",41.5,"11",10.4,7.3
"Vientos, Mark","668901","106","11.6",37.7,"110.4","90.5","100.2","94.6","84.7","403","169","372","45",42.5,"7",6.6,4.6
"Sosa, Lenyn","672820","106","18.5",40.6,"107.6","90.4","100","93.4","87.5","416","184","406","42",39.6,"7",6.6,4.8
"Torkelson, Spencer","679529","106","20.4",41.5,"110.5","91.1","101.5","95.9","83.3","423","201","396","51",48.1,"15",14.2,8.7
"Hernández, Teoscar","606192","106","11.6",39.6,"112.5","86.9","100.7","92.5","80.2","436","171","389","42",39.6,"11",10.4,8.1
"Lowe, Nathaniel","663993","105","11.6",34.3,"111.7","89.6","101.5","94.5","86.2","421","156","394","46",43.8,"9",8.6,5.3
"Diaz, Yainer","673237","105","12.5",34.3,"109.7","89.1","99.1","91.8","88.3","409","161","392","37",35.2,"10",9.5,7.4
"Crawford, J.P.","641487","105","13.1",41,"108.6","88.3","98.4","91","85.9","417","163","391","41",39,"8",7.6,5.1
"Vargas, Miguel","678246","105","21.1",33.3,"110","89.6","99","92.8","88.1","422","177","395","40",38.1,"5",4.8,3.2
"Abreu, Wilyer","677800","105","26.3",32.4,"110.8","91","103.4","94.6","88.3","430","201","406","51",48.6,"16",15.2,10.1
"Bogaerts, Xander","593428","105","12.5",36.2,"112.2","89.3","99.7","93.8","84.8","370","165","357","40",38.1,"3",2.9,1.9
"Contreras, William","661388","105","3.1",27.6,"114.1","89.5","101.6","97.5","84.3","408","129","384","44",41.9,"5",4.8,3.1
"Greene, Riley","682985","104","9.6",34.6,"114.3","90.6","102.6","96.8","84.9","417","158","383","53",51,"16",15.4,9.7
"Suzuki, Seiya","673548","104","17.2",43.3,"114.3","92.5","103.3","94.8","90.4","445","192","405","52",50,"16",15.4,9.6
"Pages, Andy","681624","104","16.5",40.4,"110.6","88.5","98.1","91.5","83.7","418","185","391","35",33.7,"7",6.7,4.6
"Kirk, Alejandro","672386","104","15",33.7,"111.4","90.3","101.9","94.2","87.9","424","160","407","51",49,"7",6.7,5.6
"Rengifo, Luis","650859","103","1.4",27.2,"106.4","85.7","96.6","91.1","83","402","115","402","29",28.2,"4",3.9,3
"Giménez, Andrés","665926","103","7",29.1,"105.9","87.9","98","92.6","83","407","157","385","32",31.1,"4",3.9,2.8
"Rafaela, Ceddanne","678882","103","10.5",36.9,"109.1","91.2","101.4","95.4","87.7","406","162","406","49",47.6,"15",14.6,10.9
"Volpe, Anthony","683011","103","12.5",34,"110.5","91.6","102","96.2","87.9","418","178","367","50",48.5,"10",9.7,6.1
"Kepler, Max","596146","103","14.2",34,"109.3","90.4","101.2","93.7","88.6","422","180","385","51",49.5,"12",11.7,8.2
"Suárez, Eugenio","553993","102","22.4",36.3,"111.8","92.6","102.9","97.3","85.9","458","217","422","57",55.9,"18",17.6,10.8
"Yelich, Christian","592885","100","-1.2",26,"113.4","90.7","102.2","93.4","89.7","465","118","411","49",49,"5",5,3
"Walker, Christian","572233","100","13.2",32,"112.8","90.1","102.2","94.6","86.1","404","169","382","46",46,"10",10,6.3
"Torres, Gleyber","650402","100","17.4",39,"108.3","89.5","98.9","93","84.5","416","198","398","35",35,"9",9,7.3
"Raleigh, Cal","663728","98","21.9",36.7,"110.7","90.9","102.2","94.8","88.1","432","196","387","44",44.9,"20",20.4,11.8
"Mullins, Cedric","656775","98","24.9",35.7,"108.4","88.4","98.5","92.6","83.7","396","188","382","35",35.7,"7",7.1,4.6
"Yastrzemski, Mike","573262","98","17.9",37.8,"106.8","90.2","99.9","93.5","85.7","387","184","375","41",41.8,"9",9.2,6.1
"Buxton, Byron","621439","97","15",36.1,"112.5","91.1","103.4","97.2","85.3","446","183","403","54",55.7,"16",16.5,9.9
"Andujar, Miguel","609280","97","9.6",33,"111.4","87.8","99.5","89.6","87","384","148","363","36",37.1,"4",4.1,3.4
"Mountcastle, Ryan","663624","97","10.8",36.1,"116.7","91.5","102.3","95.4","87","395","170","392","50",51.5,"13",13.4,9.5
"Steer, Spencer","668715","97","13.2",29.9,"106.5","86.7","97.1","91.1","82.9","384","146","382","28",28.9,"7",7.2,4.8
"Sweeney, Trey","700242","96","5.6",31.3,"110.8","88.3","99.8","91.9","85.4","409","147","378","36",37.5,"6",6.3,4.3
"Crews, Dylan","686611","96","7.6",30.2,"111.1","90.3","101.3","95.5","87.3","429","155","407","40",41.7,"13",13.5,8.8
"Lowe, Brandon","664040","96","11.3",35.4,"111.6","91.7","101.8","96.5","88.2","409","165","395","42",43.8,"10",10.4,6.8
"Edman, Tommy","669242","96","15",41.7,"108.6","90.2","101.2","93.1","88.6","423","185","403","46",47.9,"10",10.4,8.2
"Chapman, Matt","656305","96","22",34.4,"110.7","94","103.3","96.2","97.9","418","192","399","51",53.1,"11",11.5,6.4
"Lux, Gavin","666158","96","8.5",38.5,"106.2","88.9","98.1","91.1","86.6","397","157","397","38",39.6,"5",5.2,3.3
"McCutchen, Andrew","457705","95","11.3",29.5,"110.2","89.1","99.7","95.2","85.1","417","161","406","40",42.1,"12",12.6,9
"Wells, Austin","669224","95","21.4",30.5,"111","90.6","101.7","93.9","88.6","412","193","367","44",46.3,"12",12.6,9
"Frazier, Adam","624428","94","15.6",31.9,"100.3","84.7","93.9","87.7","83","365","170","350","17",18.1,"0",0,0
"Ozuna, Marcell","542303","94","15.7",39.4,"110.8","92.2","103.4","97.6","84.9","443","184","414","47",50,"11",11.7,6.8
"Soler, Jorge","624585","93","16.8",36.6,"112.7","89.7","101.2","94.3","87.4","413","180","387","37",39.8,"12",12.9,8.1
"Espinal, Santiago","669289","93","13.2",36.6,"105.5","86.7","96.5","90","84.3","375","160",,"27",29,"1",1.1,0.9
"Scott II, Victor","687363","93","14.2",39.8,"106.6","87.7","97.7","90.6","85","396","172","396","30",32.3,"5",5.4,3.5
"Busch, Michael","683737","93","14.8",40.9,"107.8","89.6","99.8","92.6","84.7","411","190","391","39",41.9,"12",12.9,8
"Burleson, Alec","676475","93","15.7",24.7,"110.4","90.5","100.3","93.3","89.6","435","146","419","37",39.8,"3",3.2,2.5
"Smith, Josh","669701","92","9.8",33.7,"106.7","88.4","98.2","91.6","85.5","395","149","393","33",35.9,"6",6.5,4.6
"Arias, Gabriel","672356","92","3.5",29.3,"111.2","88.5","100.7","96.6","83.2","424","132","402","37",40.2,"9",9.8,6.5
"Lopez, Otto","672640","92","4.6",34.8,"109.9","85.7","96.6","89","82.2","418","146","402","24",26.1,"8",8.7,6.7
"Freeman, Freddie","518692","92","17",42.4,"111.6","93","101.6","94.1","91.7","418","205","408","43",46.7,"13",14.1,10.3
"Campbell, Kristian","692225","91","10.9",34.1,"112.2","89.1","100.7","96.7","82.7","431","157","387","38",41.8,"7",7.7,4.7
"Polanco, Jorge","593871","91","12.8",39.6,"110.5","91.9","102.7","95.9","89","423","174","394","46",50.5,"14",15.4,12.6
"Jung, Josh","673962","91","12.8",40.7,"108","87.9","99.9","95.5","82.1","418","172","386","34",37.4,"12",13.2,9.8
"Clement, Ernie","676391","91","22.6",42.9,"108.9","86.7","95.5","87.7","85.4","385","180",,"20",22,"3",3.3,2.6
"Henderson, Gunnar","683002","91","9.8",27.5,"113.3","94.9","104.7","96.5","95.8","400","153","394","51",56,"8",8.8,5.8
"Abrams, CJ","682928","90","16.2",37.8,"112.7","90.7","100.7","92.2","90.4","414","169","391","40",44.4,"10",11.1,8.1
"Doyle, Brenton","686668","90","12.6",37.8,"111.3","90","101.2","94","85.2","421","183","399","40",44.4,"13",14.4,9.8
"Meyers, Jake","676694","90","11",26.7,"107.9","90.2","100.9","93","89","409","151","398","38",42.2,"5",5.6,4
"Stowers, Kyle","669065","89","11.4",43.8,"110.3","90.2","103.2","94.7","84.9","423","175","404","43",48.3,"18",20.2,12.1
"Realmuto, J.T.","592663","89","13.1",38.2,"109.3","90.8","101.5","95","86.7","413","168","394","39",43.8,"10",11.2,7.2
"Hoskins, Rhys","656555","89","19.2",44.9,"111.1","91.4","101","95.2","85.7","440","186","398","44",49.4,"11",12.4,7.7
"Rice, Ben","700250","89","12.1",34.8,"113.2","93.6","104.7","98.4","90.1","419","167","389","51",57.3,"18",20.2,12.5
"Bell, Josh","605137","88","10.5",26.1,"110.5","87.6","99.8","96.1","80.8","400","155","389","34",38.6,"7",8,5.3
"Arozarena, Randy","668227","88","14.2",30.7,"112.3","91.8","103.5","96.1","92","424","151","395","44",50,"9",10.2,5.6
"Moniak, Mickey","666160","86","16.7",37.2,"108.1","89.5","100.6","93.4","84.2","429","186","401","39",45.3,"6",7,5
"Langford, Wyatt","694671","86","15.6",31.4,"110.7","89.8","100.8","95","83.5","431","171","386","37",43,"9",10.5,6.8
"McKinstry, Zach","656716","86","9.9",45.3,"108.7","87.3","97.6","92.9","82.8","379","156","377","31",36,"6",7,4.1
"Manzardo, Kyle","700932","85","19.9",30.6,"107.8","89.4","100.1","96.2","80.5","424","201","394","37",43.5,"13",15.3,9.2
"Aranda, Jonathan","666018","85","12.5",43.5,"111.4","94.2","103.7","94.8","94.2","409","176","383","51",60,"11",12.9,8.3
"Heim, Jonah","641680","85","14.8",34.1,"109.6","90.1","99.4","92.6","91.3","417","166","389","33",38.8,"5",5.9,4.2
"Cruz, Oneil","665833","85","11.5",36.5,"119.6","96.5","108.5","100.8","91.5","463","188","404","52",61.2,"19",22.4,11.9
"McMahon, Ryan","641857","85","17",29.4,"110.9","94.6","103","96.6","91.8","436","175","411","44",51.8,"12",14.1,7.5
"Toglia, Michael","669911","84","17.3",29.8,"109.6","89.5","101.2","94.1","85.1","457","181","424","35",41.7,"9",10.7,5.9
"Taylor, Tyrone","621438","84","19.9",40.5,"109.5","84.7","97.5","89.2","83.3","397","153","397","29",34.5,"3",3.6,2.6
"Young, Jacob","696285","84","-1.8",22.6,"106.8","87.4","97.6","88.2","87.4","350","95",,"25",29.8,"1",1.2,0.9
"Baldwin, Brooks","681460","84","10.5",32.1,"110","89.7","99.8","93.6","87.2","407","136","396","33",39.3,"5",6,4
"Farmer, Kyle","571657","84","13.9",36.9,"105.8","86","97","91.4","82.3","371","157",,"25",29.8,"2",2.4,1.8
"Thomas, Alek","677950","84","0.6",31,"109.4","92.8","101.5","97.9","89.9","417","127",,"36",42.9,"7",8.3,6
"Alvarez, Yordan","670541","84","20.1",40.5,"113.6","94","102.6","97.1","92.9","436","204","424","39",46.4,"10",11.9,8.3
"Isbel, Kyle","664728","83","14.6",21.7,"107.1","84.7","97.9","90.3","87.7","401","121","392","24",28.9,"3",3.6,2.9
"Springer, George","543807","83","19.4",42.2,"112.3","92.7","102.6","96.1","90.1","426","185","408","42",50.6,"15",18.1,10.5
"Wade Jr., LaMonte","664774","83","26.6",33.7,"107.6","89.2","97.4","91.5","86","388","207","364","24",28.9,"3",3.6,2.4
"Robert Jr., Luis","673357","83","18.3",30.1,"115.8","89.3","102.3","93.9","89.1","415","160","387","35",42.2,"10",12,6.6
"Jeffers, Ryan","680777","83","15.7",30.1,"110.4","89.7","101.1","94.5","84.9","412","187","409","38",45.8,"6",7.2,5
"Muncy, Max","571970","83","17.2",37.3,"109","88.7","100.8","94.2","80.6","433","181","433","37",44.6,"7",8.4,4.7
"Báez, Javier","595879","82","7",30.5,"108.4","87.8","98.5","91.8","84.5","421","150","384","29",35.4,"5",6.1,4.3
"Seager, Corey","608369","82","12.1",32.9,"112.4","93.3","104.4","95.8","90.3","427","185","390","41",50,"13",15.9,12.1
"O'Hearn, Ryan","656811","82","10.6",36.6,"109.4","91.1","100.9","94.8","88.1","396","159","385","43",52.4,"10",12.2,8.8
"Sheets, Gavin","657757","81","19",48.1,"110.1","93.3","102.1","98","85.7","439","205","399","46",56.8,"8",9.9,6.5
"Kiner-Falefa, Isiah","643396","81","8.2",37,"104.9","86.9","97.1","88.8","86.9","368","141",,"26",32.1,"0",0,0
"Iglesias, Jose","578428","80","-5",18.8,"109.5","83","95.1","86.6","82.3","351","81",,"20",25,"0",0,0
"Cabrera, Oswaldo","665828","80","8.5",31.3,"107.5","89.7","98","90.9","89.4","382","135","382","29",36.3,"0",0,0
"Smith, Will","669257","80","22.8",41.3,"107.7","91.4","100.9","94.1","87.8","419","211","395","40",50,"11",13.8,8.5
"Moreno, Gabriel","672515","80","11.1",38.8,"105.6","92.2","99.6","93","92.4","396","160","377","38",47.5,"2",2.5,1.8
"Holliday, Jackson","702616","80","9",37.5,"109.6","90.5","100.9","92.5","89","425","159","404","35",43.8,"6",7.5,4.9
"Acuña, Luisangel","682668","80","5.2",33.8,"110.3","88.5","99.5","88.8","89.6","334","124",,"29",36.3,"0",0,0
"Grisham, Trent","663757","78","21.4",33.3,"109.4","91.7","100.2","95.5","86.5","412","200","383","37",47.4,"12",15.4,10.7
"O'Hoppe, Logan","681351","78","20.5",39.7,"111.1","91","102.2","94.9","86.9","417","205","399","39",50,"14",17.9,10.9
"Walker, Jordan","691023","78","12.1",29.5,"116.5","90.9","101.8","92.4","92.4","419","156","407","34",43.6,"4",5.1,3.1
"Keith, Colt","690993","78","7.2",35.9,"109.6","86.2","99","94.5","78","450","164","412","27",34.6,"7",9,5.7
"Urshela, Gio","570482","77","10.4",45.5,"107","86.9","97","92.1","82.9","399","156",,"23",29.9,"1",1.3,1
"Conforto, Michael","624424","77","11",32.5,"110.9","89.9","100.1","92.2","88.6","419","156","408","34",44.2,"6",7.8,4.3
"Trevino, Jose","624431","77","4.9",29.9,"107.9","88.9","100.4","94.5","85.5","409","138","388","35",45.5,"5",6.5,5.3
"Pederson, Joc","592626","77","16.1",24.7,"111.7","91.4","100.7","95.4","90","401","157","401","32",41.6,"7",9.1,6.1
"Bader, Harrison","664056","76","10.8",30.3,"109.8","87.8","100.6","95.4","84.4","408","145","384","36",47.4,"8",10.5,6.7
"Martínez, Angel","682657","76","14.2",26.3,"107.4","88","98.2","91","88.4","385","141","364","26",34.2,"2",2.6,2.2
"Allen, Nick","669397","76","11.7",34.2,"104.4","84.9","95.3","87.4","85.1","382","124",,"21",28,"0",0,0
"Pagés, Pedro","686780","76","15.6",32.9,"108.7","88.8","99.3","91.1","86.5","399","168","387","28",36.8,"4",5.3,3.8
"McLain, Matt","680574","76","17.7",32.9,"109.9","90.6","100.8","95.5","83.1","414","198","398","36",47.4,"9",11.8,6.2
"Domínguez, Jasson","691176","76","16.3",30.3,"111.9","89.8","102.2","93.4","90.6","445","179","408","41",53.9,"7",9.2,5.2
"Pham, Tommy","502054","75","2.6",28,"109.9","88.8","100.3","93.4","87.5","386","114",,"29",38.7,"2",2.7,1.6
"Adell, Jo","666176","75","13.5",32,"111.7","89.9","102","92.5","89.5","435","161","409","34",45.3,"11",14.7,9.7
"Dingler, Dillon","693307","75","14.9",40,"110.4","89.9","101.2","94.2","83.3","410","180","399","35",46.7,"7",9.3,6.4
"Valdez, Enmanuel","665839","75","15.7",37.3,"108.5","89.8","100.1","94.2","87","405","171","394","32",42.7,"6",8,5.9
"Verdugo, Alex","657077","74","10.8",29.7,"107.4","89.7","99.7","91.5","90.1","384","152",,"31",41.9,"2",2.7,2.2
"Winn, Masyn","691026","74","19.8",32.4,"109","88.3","99.8","91.6","91.4","403","169","397","27",36.5,"6",8.1,5.1
"Walls, Taylor","670764","74","13.6",25.7,"102.8","85.7","95.6","88.9","84","386","138","386","19",25.7,"2",2.7,1.8
"Lee, Brooks","686797","73","15.8",31.5,"106.7","89.2","98.6","92.7","84.9","394","174","383","30",41.1,"8",11,8.6
"Misner, Kameron","670224","73","13.5",28.8,"108.2","87.9","99.4","91.7","84.1","431","164","379","25",34.2,"4",5.5,3.5
"Urías, Luis","649966","72","16.6",29.2,"106.8","87.7","96.9","91.8","84.6","398","165","377","22",30.6,"5",6.9,5.2
"Trout, Mike","545361","72","20.4",44.4,"115.4","90.5","102.5","94.6","85.8","484","216","398","33",45.8,"12",16.7,9.9
"Rocchio, Brayan","677587","72","7.5",33.3,"103.4","86.1","96.9","90","83.7","378","150",,"22",30.6,"2",2.8,2
"Bart, Joey","663698","72","11.7",40.3,"111","90.1","102.2","93.8","85.7","411","172","411","32",44.4,"8",11.1,6.5
"Casas, Triston","671213","72","15.1",34.7,"110.9","87.6","101","94.9","77.8","396","180","382","32",44.4,"7",9.7,6.3
"Narváez, Carlos","665966","71","13.9",25.4,"110.8","90.6","102.7","94.8","88.6","410","153","375","30",42.3,"9",12.7,8.6
"Bailey, Patrick","672275","71","20.9",36.6,"107.8","87.5","98.1","90.8","81.8","400","206",,"24",33.8,"4",5.6,3.5
"Burger, Jake","669394","70","12.7",25.7,"113","90.5","103.5","97.7","84.9","429","157","411","34",48.6,"9",12.9,8.3
"Westburg, Jordan","676059","70","13.9",25.7,"110","88.6","101.2","94.2","84.4","434","161","410","28",40,"9",12.9,9.2
"Naylor, Bo","666310","70","24.2",32.9,"108.8","91","99.8","94.7","85.4","425","197","406","25",35.7,"8",11.4,7.5
"Call, Alex","669743","70","12.4",35.7,"107.9","87.8","97","90.1","86.8","380","160",,"21",30,"2",2.9,2.1
"Beck, Jordan","687597","68","13.9",48.5,"110.8","91","102.1","96.4","81.9","437","200","419","31",45.6,"13",19.1,11.9
"Benintendi, Andrew","643217","68","23.6",32.4,"108.5","88.3","98.5","94.9","78.5","401","197","381","25",36.8,"8",11.8,8.4
"Waters, Drew","671221","68","8.1",39.7,"109.6","85.8","97.3","88.9","82.5","408","143","408","20",29.4,"2",2.9,2
"Chisholm Jr., Jazz","665862","67","18.2",29.9,"109.5","87.9","99.5","91.7","85.4","442","185","382","26",38.8,"10",14.9,8
"Kjerstad, Heston","677008","67","17.8",37.3,"106.8","89.8","101","95.5","85.5","409","179","405","32",47.8,"7",10.4,6.8
"Martini, Nick","605361","66","13.7",24.2,"105.6","85.7","97.5","89.1","84.8","370","133",,"20",30.3,"1",1.5,1.2
"Renfroe, Hunter","592669","66","16.6",21.2,"109.9","87.9","98.8","93.2","88.1","391","148",,"23",34.8,"3",4.5,3.3
"Taveras, Leody","665750","65","24.1",21.5,"109.8","86.8","97.2","89.5","89.1","389","157","389","17",26.2,"2",3.1,2.1
"Sanoja, Javier","691594","65","10.8",33.8,"104.5","88.1","97.3","91.8","86.7","376","155","367","20",30.8,"2",3.1,2.3
"Moore, Dylan","664238","64","18.2",39.1,"108.6","86.3","99.6","92","81.2","429","172","390","27",42.2,"9",14.1,9.6
"Castro, Willi","650489","64","17.2",37.5,"109.9","86","99.1","91.4","80.6","387","176","387","24",37.5,"4",6.3,4.3
"Kelly, Carson","608348","63","14.6",31.7,"106.6","91.2","101","96","87.1","418","180","389","31",49.2,"9",14.3,9.7
"White, Eli","642201","63","5.5",33.3,"108.5","87.6","100.3","93.7","82","434","144","426","24",38.1,"5",7.9,5.7
"Mastrobuoni, Miles","670156","63","9.2",34.9,"107.2","89.7","98.7","93.3","85.8","376","147",,"28",44.4,"1",1.6,1.2
"Fitzgerald, Tyler","666149","63","16.9",27,"105.6","83.9","96","86.8","82.2","381","150","375","16",25.4,"3",4.8,3.3
"Julien, Edouard","666397","63","5.6",39.7,"110.1","88.7","99.6","94.5","82.7","405","162","382","26",41.3,"7",11.1,6.7
"Smith, Pavin","656976","63","8.5",33.3,"109.3","90","99.4","91.3","89.4","429","147","409","26",41.3,"10",15.9,8.1
"Fraley, Jake","641584","62","17.6",32.3,"108.5","85","98.6","88.7","83.7","429","174","390","21",33.9,"3",4.8,3.3
"Williamson, Ben","810938","62","7.5",27.4,"110.4","87.4","100.2","88.5","86.7","398","145","398","25",40.3,"5",8.1,5.8
"Myers, Dane","667472","62","9.1",50,"106.8","92.4","101.3","95.8","89","405","158","395","29",46.8,"7",11.3,8
"Hernández, Enrique","571771","62","17.2",27.4,"109.8","91.4","101.2","95.7","86.9","438","164","392","26",41.9,"8",12.9,8.7
"Díaz, Elias","553869","61","15",27.9,"111.4","87.3","98.6","92.3","88.2","380","149","369","24",39.3,"2",3.3,2.3
"Paris, Kyren","677347","60","17.1",31.7,"108.7","88.6","101.1","94.1","80.2","434","193","396","28",46.7,"10",16.7,8.5
"Smith, Cam","701358","60","6.6",35,"110.6","86","100.2","88.5","83.9","403","145","378","23",38.3,"4",6.7,3.8
"Tellez, Rowdy","642133","60","15.6",35,"113.1","91.3","102.4","94.8","89.1","430","178","391","28",46.7,"10",16.7,10.9
"Jansen, Danny","643376","59","21.1",33.9,"106.7","87","97.2","92.2","83.3","401","191","358","22",37.3,"2",3.4,2
"Jones, Nolan","666134","58","13.6",36.2,"110.3","94.7","103.4","96.9","94.2","422","168","416","30",51.7,"7",12.1,6.6
"Urías, Ramón","602104","58","10.4",24.1,"107.1","87.4","98.5","95","83.3","397","143","376","22",37.9,"5",8.6,6.1
"Morel, Christopher","666624","58","19.1",36.2,"113.4","91.6","103.5","93.8","92.1","403","190","392","27",46.6,"11",19,9.5
"Neto, Zach","687263","57","19.2",54.4,"111.3","94.4","103.3","98.1","90.5","429","200","409","29",50.9,"7",12.3,8
"Roden, Alan","702176","57","3.7",21.1,"107.6","84.6","98","90.7","83.8","397","102","397","18",31.6,"1",1.8,1.2
"Sánchez, Jesús","660821","55","9.8",27.3,"111.5","89.1","100.4","93.9","87.6","406","145","406","20",36.4,"4",7.3,4.7
"Murphy, Sean","669221","54","6.9",33.3,"112.5","89.6","103","96.7","80.8","429","173","398","24",44.4,"8",14.8,7.9
"Schneemann, Daniel","682177","54","8.9",35.2,"111.2","89.9","101.7","99.5","83.9","401","166","390","26",48.1,"11",20.4,12.5
"Rojas, Johan","679032","54","6.6",24.1,"112.4","89","101.1","88.9","90.7","421","115","421","21",38.9,"2",3.7,2.4
"Thaiss, Matt","642136","53","16.4",24.5,"109.9","87.1","99.5","92.7","83.2","401","152","382","21",39.6,"1",1.9,1.1
"Taylor, Michael A.","572191","53","17.6",41.5,"111.3","90","101.5","97.2","83.1","411","179","411","21",39.6,"5",9.4,5.7
"Candelario, Jeimer","600869","53","11.4",20.8,"107.5","87.3","96.2","93","82.4","415","155","400","15",28.3,"4",7.5,4.4
"O'Neill, Tyler","641933","52","22.3",26.9,"108","87.9","100.7","95","81.6","402","187","387","20",38.5,"8",15.4,9.5
"Rodgers, Brendan","663898","52","10.3",42.3,"112.2","90.8","102.4","93.4","89","390","175","369","27",51.9,"7",13.5,7.4
"Mervis, Matt","670223","52","22.2",30.8,"107.8","90.8","101.5","94","90.2","421","172","389","23",44.2,"6",11.5,5.8
"Caballero, José","676609","51","16.9",49,"104.5","82.1","93.4","84.5","80.7","357","168","327","9",17.6,"1",2,1.1
"Raley, Luke","670042","49","8.8",34.7,"114.3","91.6","104.2","93.1","90.6","398","153","378","24",49,"7",14.3,8.3
"Malloy, Justyn-Henry","669234","47","21.3",36.2,"111.7","87.6","97.7","91.2","81.1","389","197","389","16",34,"3",6.4,3.4