"player","team_abbrev","year","type","avg_hr_trot","doubters","mostly_gone","no_doubters","no_doubter_per","hr_total","xhr","xhr_diff"
"Judge, Aaron","NYY","2025","adj_xhr","22.3",3,10,6,"42.9","14",13.1,"0.9"
"Schwarber, Kyle","PHI","2025","adj_xhr","25.1",3,9,6,"42.9","14",12.6,"1.4"
"Raleigh, Cal","SEA","2025","adj_xhr","24.2",3,7,6,"50","12",11.2,"0.8"
"Ohtani, Shohei","LAD","2025","adj_xhr","22.5",6,6,5,"41.7","12",9.9,"2.1"
"Suárez, Eugenio","AZ","2025","adj_xhr","25.2",2,5,8,"66.7","12",11.8,"0.2"
"Carroll, Corbin","AZ","2025","adj_xhr","23.2",2,9,5,"45.5","11",12,"-1.0"
"Crow-Armstrong, Pete","CHC","2025","adj_xhr","23.5",3,8,2,"20","10",8.8,"1.2"
"Torkelson, Spencer","DET","2025","adj_xhr","23.4",3,7,4,"40","10",9,"1.0"
"Rooker, Brent","ATH","2025","adj_xhr","23.5",4,7,3,"30","10",7.4,"2.6"
"Tucker, Kyle","CHC","2025","adj_xhr","24.6",1,8,5,"50","10",10.5,"-0.5"
"Wood, James","WSH","2025","adj_xhr","25.5",5,5,5,"50","10",9.5,"0.5"
"Grisham, Trent","NYY","2025","adj_xhr","21.9",2,7,4,"40","10",9.2,"0.8"
"Abreu, Wilyer","BOS","2025","adj_xhr","24.8",3,7,7,"70","10",11.5,"-1.5"
"Bregman, Alex","BOS","2025","adj_xhr","23.6",4,6,5,"55.6","9",8.9,"0.1"
"Freeman, Freddie","LAD","2025","adj_xhr","23.4",6,4,4,"44.4","9",8,"1.0"
"Trout, Mike","LAA","2025","adj_xhr","24.6",4,6,4,"44.4","9",8,"1.0"
"Buxton, Byron","MIN","2025","adj_xhr","22.9",5,3,7,"77.8","9",9.5,"-0.5"
"Alonso, Pete","NYM","2025","adj_xhr","24.8",2,9,4,"44.4","9",10,"-1.0"
"Tatis Jr., Fernando","SD","2025","adj_xhr","25.9",2,5,4,"44.4","9",7.6,"1.4"
"Greene, Riley","DET","2025","adj_xhr","22.9",2,7,2,"22.2","9",6.3,"2.7"
"Hernández, Teoscar","LAD","2025","adj_xhr","25",5,4,2,"22.2","9",5.2,"3.8"
"Manzardo, Kyle","CLE","2025","adj_xhr","23.2",1,5,4,"44.4","9",8.2,"0.8"
"Polanco, Jorge","SEA","2025","adj_xhr","26.6",0,4,6,"66.7","9",8.8,"0.2"
"Soderstrom, Tyler","ATH","2025","adj_xhr","23.9",4,7,2,"22.2","9",7.9,"1.1"
"Carpenter, Kerry","DET","2025","adj_xhr","24.7",5,7,1,"11.1","9",5.7,"3.3"
"Rice, Ben","NYY","2025","adj_xhr","21.2",1,6,5,"55.6","9",9.4,"-0.4"
"Lindor, Francisco","NYM","2025","adj_xhr","25.7",3,4,5,"55.6","9",9,"0.0"
"Suzuki, Seiya","CHC","2025","adj_xhr","21.6",4,3,5,"55.6","9",7.7,"1.3"
"O'Hoppe, Logan","LAA","2025","adj_xhr","23.2",2,8,2,"22.2","9",6.6,"2.4"
"Soto, Juan","NYM","2025","adj_xhr","28.8",1,10,2,"25","8",9,"-1.0"
"Kelly, Carson","CHC","2025","adj_xhr","21.9",2,6,3,"37.5","8",7,"1.0"
"Chapman, Matt","SF","2025","adj_xhr","24",0,6,4,"50","8",8.5,"-0.5"
"Nimmo, Brandon","NYM","2025","adj_xhr","21.2",0,7,2,"25","8",7,"1.0"
"Langeliers, Shea","ATH","2025","adj_xhr","22.6",0,4,4,"50","8",6.3,"1.7"
"Edman, Tommy","LAD","2025","adj_xhr","22.3",1,4,2,"25","8",5.7,"2.3"
"Swanson, Dansby","CHC","2025","adj_xhr","22.8",1,8,2,"25","8",6.6,"1.4"
"Riley, Austin","ATL","2025","adj_xhr","22.8",1,3,6,"75","8",8.2,"-0.2"
"Ward, Taylor","LAA","2025","adj_xhr","24.4",4,5,3,"37.5","8",7,"1.0"
"Cruz, Oneil","PIT","2025","adj_xhr","27.8",4,4,4,"50","8",8,"0.0"
"Harper, Bryce","PHI","2025","adj_xhr","26.2",6,7,2,"28.6","7",6.5,"0.5"
"Stowers, Kyle","MIA","2025","adj_xhr","22.7",4,6,1,"14.3","7",6.1,"0.9"
"Murphy, Sean","ATL","2025","adj_xhr","23.5",2,4,2,"28.6","7",4.9,"2.1"
"Chisholm Jr., Jazz","NYY","2025","adj_xhr","24.6",1,4,3,"42.9","7",5.3,"1.7"
"Flores, Wilmer","SF","2025","adj_xhr","24.4",2,2,4,"57.1","7",5.6,"1.4"
"O'Hearn, Ryan","BAL","2025","adj_xhr","24.5",5,4,0,"0","7",3.5,"3.5"
"Caminero, Junior","TB","2025","adj_xhr","26.3",2,6,1,"14.3","7",5.9,"1.1"
"Gurriel Jr., Lourdes","AZ","2025","adj_xhr","26.9",2,3,4,"57.1","7",6.1,"0.9"
"Yelich, Christian","MIL","2025","adj_xhr","22.9",0,5,2,"28.6","7",6.1,"0.9"
"Chourio, Jackson","MIL","2025","adj_xhr","25.1",0,3,6,"85.7","7",7.5,"-0.5"
"Mervis, Matt","MIA","2025","adj_xhr","22.8",0,5,2,"28.6","7",5.8,"1.2"
"Busch, Michael","CHC","2025","adj_xhr","21.9",8,3,2,"28.6","7",4.1,"2.9"
"Mullins, Cedric","BAL","2025","adj_xhr","22.5",1,6,0,"0","7",4.5,"2.5"
"Olson, Matt","ATL","2025","adj_xhr","23.2",5,6,3,"42.9","7",6.9,"0.1"
"Wells, Austin","NYY","2025","adj_xhr","21.7",5,7,0,"0","7",5,"2.0"
"Devers, Rafael","BOS","2025","adj_xhr","25",5,7,5,"71.4","7",9.5,"-2.5"
"Lowe, Nathaniel","WSH","2025","adj_xhr","21.3",3,5,2,"28.6","7",5.8,"1.2"
"Moore, Dylan","SEA","2025","adj_xhr","20.5",3,4,3,"42.9","7",5.4,"1.6"
"Ramos, Heliot","SF","2025","adj_xhr","23.8",1,9,2,"28.6","7",7.3,"-0.3"
"Tellez, Rowdy","SEA","2025","adj_xhr","26.4",2,3,3,"50","6",6,"0.0"
"Beck, Jordan","COL","2025","adj_xhr","24.3",0,4,5,"83.3","6",8.1,"-2.1"
"Langford, Wyatt","TEX","2025","adj_xhr","20.2",3,3,3,"50","6",5.5,"0.5"
"Ramírez, José","CLE","2025","adj_xhr","23.4",0,4,2,"33.3","6",5.4,"0.6"
"Urías, Luis","ATH","2025","adj_xhr","23.7",0,3,3,"50","6",5,"1.0"
"Hernández, Enrique","LAD","2025","adj_xhr","22.8",0,4,2,"33.3","6",4.9,"1.1"
"Butler, Lawrence","ATH","2025","adj_xhr","27.8",3,5,1,"16.7","6",5.3,"0.7"
"Rodríguez, Julio","SEA","2025","adj_xhr","25.7",3,2,4,"66.7","6",5,"1.0"
"Nootbaar, Lars","STL","2025","adj_xhr","20.5",4,4,1,"16.7","6",4.7,"1.3"
"Seager, Corey","TEX","2025","adj_xhr","23",4,7,1,"16.7","6",6.6,"-0.6"
"Story, Trevor","BOS","2025","adj_xhr","23.3",1,5,4,"66.7","6",7.3,"-1.3"
"Pasquantino, Vinnie","KC","2025","adj_xhr","24.1",2,6,2,"33.3","6",6.8,"-0.8"
"McMahon, Ryan","COL","2025","adj_xhr","22.1",2,6,2,"33.3","6",6.3,"-0.3"
"Paris, Kyren","LAA","2025","adj_xhr","23.6",0,5,2,"33.3","6",5.2,"0.8"
"Pages, Andy","LAD","2025","adj_xhr","20.9",1,5,1,"16.7","6",4.8,"1.2"
"Contreras, Willson","STL","2025","adj_xhr","25.4",5,8,1,"16.7","6",7.3,"-1.3"
"Betts, Mookie","LAD","2025","adj_xhr","21.9",1,5,1,"16.7","6",4.2,"1.8"
"Larnach, Trevor","MIN","2025","adj_xhr","22.1",1,4,3,"50","6",6.3,"-0.3"
"De La Cruz, Elly","CIN","2025","adj_xhr","25.5",4,4,2,"33.3","6",4.3,"1.7"
"Díaz, Yandy","TB","2025","adj_xhr","27.1",3,4,1,"16.7","6",4,"2.0"
"Soler, Jorge","LAA","2025","adj_xhr","26",2,4,2,"33.3","6",4.2,"1.8"
"Goodman, Hunter","COL","2025","adj_xhr","23.3",2,4,2,"33.3","6",5,"1.0"
"Bleday, JJ","ATH","2025","adj_xhr","23.1",3,5,0,"0","5",3.6,"1.4"
"Laureano, Ramón","BAL","2025","adj_xhr","23.2",4,0,4,"80","5",4.8,"0.2"
"Bell, Josh","WSH","2025","adj_xhr","24.1",2,4,1,"20","5",3.3,"1.7"
"Volpe, Anthony","NYY","2025","adj_xhr","22.3",1,3,1,"20","5",2.8,"2.2"
"Peña, Jeremy","HOU","2025","adj_xhr","22.8",2,2,1,"20","5",2.8,"2.2"
"García, Adolis","TEX","2025","adj_xhr","27.2",2,2,5,"100","5",5.9,"-0.9"
"Henderson, Gunnar","BAL","2025","adj_xhr","22.2",3,2,1,"20","5",2.5,"2.5"
"Albies, Ozzie","ATL","2025","adj_xhr","24",3,2,1,"20","5",3.4,"1.6"
"Perdomo, Geraldo","AZ","2025","adj_xhr","24.7",2,1,3,"60","5",3.6,"1.4"
"Domínguez, Jasson","NYY","2025","adj_xhr","24.8",1,4,1,"20","5",3.7,"1.3"
"Tawa, Tim","AZ","2025","adj_xhr","22.2",1,3,2,"40","5",4.4,"0.6"
"Vientos, Mark","NYM","2025","adj_xhr","24.2",0,5,1,"20","5",4.7,"0.3"
"Kepler, Max","PHI","2025","adj_xhr","20.1",1,2,3,"60","5",4.8,"0.2"
"Schneemann, Daniel","CLE","2025","adj_xhr","22.4",5,2,2,"40","5",4.3,"0.7"
"Bellinger, Cody","NYY","2025","adj_xhr","23.3",1,4,2,"40","5",5.5,"-0.5"
"Yastrzemski, Mike","SF","2025","adj_xhr","23.8",3,5,1,"20","5",4.3,"0.7"
"Ozuna, Marcell","ATL","2025","adj_xhr","31.7",1,2,4,"80","5",5.4,"-0.4"
"Benintendi, Andrew","CWS","2025","adj_xhr","23",2,1,4,"80","5",5.1,"-0.1"
"Toglia, Michael","COL","2025","adj_xhr","23.7",1,4,2,"40","5",4.8,"0.2"
"Lowe, Brandon","TB","2025","adj_xhr","24.3",2,2,3,"60","5",4.7,"0.3"
"Robert Jr., Luis","CWS","2025","adj_xhr","23.5",2,3,2,"40","5",4.5,"0.5"
"Reynolds, Bryan","PIT","2025","adj_xhr","24.1",3,4,4,"80","5",6.3,"-1.3"
"Aranda, Jonathan","TB","2025","adj_xhr","26.5",4,5,2,"40","5",5.8,"-0.8"
"Heim, Jonah","TEX","2025","adj_xhr","22.9",2,3,2,"40","5",4.3,"0.7"
"McLain, Matt","CIN","2025","adj_xhr","22.2",2,4,1,"20","5",4.1,"0.9"
"Crews, Dylan","WSH","2025","adj_xhr","19.7",4,3,2,"40","5",4.9,"0.1"
"Hays, Austin","CIN","2025","adj_xhr","21.4",2,3,2,"40","5",4.1,"0.9"
"Sheets, Gavin","SD","2025","adj_xhr","21.7",2,4,1,"20","5",3.9,"1.1"
"Springer, George","TOR","2025","adj_xhr","21.8",2,7,2,"40","5",5.4,"-0.4"
"Vaughn, Andrew","CWS","2025","adj_xhr","22.2",3,7,2,"40","5",6.3,"-1.3"
"Adell, Jo","LAA","2025","adj_xhr","22",3,4,3,"60","5",6,"-1.0"
"Arozarena, Randy","SEA","2025","adj_xhr","30.3",3,2,5,"100","5",5.9,"-0.9"
"Santander, Anthony","TOR","2025","adj_xhr","28.2",4,1,5,"100","5",5.6,"-0.6"
"Witt Jr., Bobby","KC","2025","adj_xhr","20.6",4,3,3,"60","5",5.1,"-0.1"
"Naylor, Bo","CLE","2025","adj_xhr","22.8",4,2,2,"40","5",3.9,"1.1"
"Kwan, Steven","CLE","2025","adj_xhr","20.4",2,2,1,"25","4",2.6,"1.4"
"Contreras, William","MIL","2025","adj_xhr","26.8",2,2,1,"25","4",2.4,"1.6"
"Paredes, Isaac","HOU","2025","adj_xhr","26.5",3,2,0,"0","4",1.1,"2.9"
"Rutschman, Adley","BAL","2025","adj_xhr","24.1",5,1,4,"100","4",4.6,"-0.6"
"Hoskins, Rhys","MIL","2025","adj_xhr","22.4",3,3,1,"25","4",3.3,"0.7"
"Narváez, Carlos","BOS","2025","adj_xhr","24.7",4,1,2,"50","4",3.4,"0.6"
"Dingler, Dillon","DET","2025","adj_xhr","24",3,1,3,"75","4",4.2,"-0.2"
"Westburg, Jordan","BAL","2025","adj_xhr","20.8",2,3,2,"50","4",3.7,"0.3"
"Diaz, Yainer","HOU","2025","adj_xhr","24.7",2,4,1,"25","4",3.7,"0.3"
"Torres, Gleyber","DET","2025","adj_xhr","25.5",2,2,3,"75","4",4.3,"-0.3"
"Neto, Zach","LAA","2025","adj_xhr","24.7",2,1,4,"100","4",4.8,"-0.8"
"Goldschmidt, Paul","NYY","2025","adj_xhr","22.4",6,2,1,"25","4",3.3,"0.7"
"Walker, Christian","HOU","2025","adj_xhr","25.5",3,4,2,"50","4",3.7,"0.3"
"Santana, Carlos","CLE","2025","adj_xhr","23",2,5,1,"25","4",5,"-1.0"
"Abrams, CJ","WSH","2025","adj_xhr","23.8",3,2,3,"75","4",4.8,"-0.8"
"Guerrero Jr., Vladimir","TOR","2025","adj_xhr","27.7",4,3,1,"25","4",4.1,"-0.1"
"Adames, Willy","SF","2025","adj_xhr","22.7",3,4,1,"25","4",3.6,"0.4"
"Naylor, Josh","AZ","2025","adj_xhr","26.2",4,3,1,"25","4",3,"1.0"
"Doyle, Brenton","COL","2025","adj_xhr","20.5",1,4,1,"25","4",3.7,"0.3"
"Castellanos, Nick","PHI","2025","adj_xhr","23",2,2,2,"50","4",3.8,"0.2"
"Arenado, Nolan","STL","2025","adj_xhr","22.3",2,2,2,"50","4",3.9,"0.1"
"Smith, Pavin","AZ","2025","adj_xhr","24.2",1,3,2,"50","4",4.6,"-0.6"
"Arias, Gabriel","CLE","2025","adj_xhr","26",1,3,2,"50","4",4.6,"-0.6"
"Merrill, Jackson","SD","2025","adj_xhr","22",3,3,1,"25","4",3.7,"0.3"
"Campbell, Kristian","BOS","2025","adj_xhr","21.4",0,1,3,"75","4",3.5,"0.5"
"Herrera, Iván","STL","2025","adj_xhr","27.2",0,1,3,"75","4",4,"0.0"
"Jung, Josh","TEX","2025","adj_xhr","20.5",4,4,3,"75","4",5.5,"-1.5"
"Baty, Brett","NYM","2025","adj_xhr","22.7",0,2,2,"50","4",3.5,"0.5"
"Keith, Colt","DET","2025","adj_xhr","22.4",1,0,3,"75","4",3.1,"0.9"
"Garcia, Maikel","KC","2025","adj_xhr","26",2,4,1,"25","4",4,"0.0"
"Bader, Harrison","MIN","2025","adj_xhr","21.7",0,2,3,"75","4",4.5,"-0.5"
"Smith, Josh","TEX","2025","adj_xhr","21",1,2,2,"50","4",3.5,"0.5"
"Ramírez, Agustín","MIA","2025","adj_xhr","26.8",1,2,2,"50","4",3.4,"0.6"
"Lee, Jung Hoo","SF","2025","adj_xhr","20.9",0,5,0,"0","4",3.3,"0.7"
"Altuve, Jose","HOU","2025","adj_xhr","24.5",1,2,2,"50","4",3.3,"0.7"
"Holliday, Jackson","BAL","2025","adj_xhr","21.5",2,1,2,"50","4",3.2,"0.8"
"Happ, Ian","CHC","2025","adj_xhr","22.6",1,5,0,"0","3",3.3,"-0.3"
"Stott, Bryson","PHI","2025","adj_xhr","24.9",4,3,1,"33.3","3",3.4,"-0.4"
"Machado, Manny","SD","2025","adj_xhr","29.2",4,2,2,"66.7","3",3.8,"-0.8"
"Semien, Marcus","TEX","2025","adj_xhr","22.6",3,3,2,"66.7","3",4.5,"-1.5"
"Smith, Will","LAD","2025","adj_xhr","23.3",6,2,2,"66.7","3",3.6,"-0.6"
"Morel, Christopher","TB","2025","adj_xhr","25",4,4,2,"66.7","3",4.6,"-1.6"
"Alvarez, Yordan","HOU","2025","adj_xhr","28.7",4,4,2,"66.7","3",4.8,"-1.8"
"France, Ty","MIN","2025","adj_xhr","24.5",4,4,2,"66.7","3",5.2,"-2.2"
"Díaz, Elias","SD","2025","adj_xhr","25",1,2,0,"0","3",1.5,"1.5"
"Fraley, Jake","CIN","2025","adj_xhr","23",2,0,1,"33.3","3",1.3,"1.7"
"Casas, Triston","BOS","2025","adj_xhr","22.3",6,2,1,"33.3","3",2.9,"0.1"
"McCutchen, Andrew","PIT","2025","adj_xhr","24.1",5,1,1,"33.3","3",1.9,"1.1"
"Moniak, Mickey","COL","2025","adj_xhr","20.4",4,3,0,"0","3",2.6,"0.4"
"Hicks, Liam","MIA","2025","adj_xhr","23.2",4,3,0,"0","3",2.8,"0.2"
"García Jr., Luis","WSH","2025","adj_xhr","25.1",3,2,2,"66.7","3",3.4,"-0.4"
"Amaya, Miguel","CHC","2025","adj_xhr","24.6",2,2,0,"0","3",1.1,"1.9"
"Smith, Cam","HOU","2025","adj_xhr","24.1",2,1,1,"33.3","3",1.4,"1.6"
"Bauers, Jake","MIL","2025","adj_xhr","23.2",2,2,0,"0","3",1.5,"1.5"
"Arraez, Luis","SD","2025","adj_xhr","24.1",2,2,0,"0","3",1.8,"1.2"
"Wilson, Jacob","ATH","2025","adj_xhr","22.7",2,1,1,"33.3","3",1.9,"1.1"
"Baldwin, Drake","ATL","2025","adj_xhr","21.7",2,2,0,"0","3",1.9,"1.1"
"Donovan, Brendan","STL","2025","adj_xhr","21",1,2,1,"33.3","3",2.1,"0.9"
"Harris II, Michael","ATL","2025","adj_xhr","25.8",2,0,2,"66.7","3",2.3,"0.7"
"Kjerstad, Heston","BAL","2025","adj_xhr","23.9",1,3,0,"0","3",2.4,"0.6"
"Hedges, Austin","CLE","2025","adj_xhr","25.8",1,1,2,"66.7","3",2.6,"0.4"
"Trevino, Jose","CIN","2025","adj_xhr","23",1,3,0,"0","3",2.8,"0.2"
"Marte, Ketel","AZ","2025","adj_xhr","25.8",0,2,2,"66.7","3",2.9,"0.1"
"Marte, Noelvi","CIN","2025","adj_xhr","26.7",1,0,3,"100","3",3,"0.0"
"Isbel, Kyle","KC","2025","adj_xhr","23.6",0,3,1,"33.3","3",3,"0.0"
"Turang, Brice","MIL","2025","adj_xhr","21.8",1,3,0,"0","3",3.1,"-0.1"
"Lee, Brooks","MIN","2025","adj_xhr","23.3",0,3,1,"33.3","3",3.1,"-0.1"
"Winn, Masyn","STL","2025","adj_xhr","24.5",0,2,2,"66.7","3",3.4,"-0.4"
"Wynns, Austin","CIN","2025","adj_xhr","22.1",0,2,2,"66.7","3",3.7,"-0.7"
"Friedl, TJ","CIN","2025","adj_xhr","22.6",2,3,0,"0","3",2.1,"0.9"
"Misner, Kameron","TB","2025","adj_xhr","20",2,2,1,"33.3","3",2.2,"0.8"
"Crawford, J.P.","SEA","2025","adj_xhr","22.9",2,2,1,"33.3","3",2.7,"0.3"
"Báez, Javier","DET","2025","adj_xhr","25.3",1,2,2,"66.7","3",2.9,"0.1"
"Myers, Dane","MIA","2025","adj_xhr","26.7",2,2,1,"33.3","3",2.9,"0.1"
"Burger, Jake","TEX","2025","adj_xhr","21.7",1,3,1,"33.3","3",2.9,"0.1"
"Giménez, Andrés","TOR","2025","adj_xhr","23.9",1,3,1,"33.3","3",3.3,"-0.3"
"Sweeney, Trey","DET","2025","adj_xhr","22.3",1,3,1,"33.3","3",3.6,"-0.6"
"Varsho, Daulton","TOR","2025","adj_xhr","20.9",0,2,1,"33.3","3",2.7,"0.3"
"Cronenworth, Jake","SD","2025","adj_xhr","23.2",0,2,1,"33.3","3",2.6,"0.4"
"Steer, Spencer","CIN","2025","adj_xhr","22.8",0,2,1,"33.3","3",2.5,"0.5"
"Matos, Luis","SF","2025","adj_xhr","25.5",0,2,1,"33.3","3",1.7,"1.3"
"Wagaman, Eric","MIA","2025","adj_xhr","22.4",3,1,2,"66.7","3",2.6,"0.4"
"Realmuto, J.T.","PHI","2025","adj_xhr","25.7",2,2,2,"66.7","3",3.2,"-0.2"
"Baldwin, Brooks","CWS","2025","adj_xhr","23.3",1,3,2,"66.7","3",3.7,"-0.7"
"Moncada, Yoán","LAA","2025","adj_xhr","24",0,1,1,"50","2",2,"0.0"
"Ruiz, Keibert","WSH","2025","adj_xhr","25.6",0,1,1,"50","2",2,"0.0"
"Haase, Eric","MIL","2025","adj_xhr","21",0,1,1,"50","2",2,"0.0"
"Adams, Riley","WSH","2025","adj_xhr","22.1",0,2,0,"0","2",1.9,"0.1"
"Schanuel, Nolan","LAA","2025","adj_xhr","25.6",0,2,0,"0","2",1.9,"0.1"
"McNeil, Jeff","NYM","2025","adj_xhr","23.1",0,1,1,"50","2",1.9,"0.1"
"Marte, Starling","NYM","2025","adj_xhr","27.1",0,1,1,"50","2",1.8,"0.2"
"Conforto, Michael","LAD","2025","adj_xhr","22.7",2,3,0,"0","2",2.2,"-0.2"
"Candelario, Jeimer","CIN","2025","adj_xhr","25.4",2,1,1,"50","2",2,"0.0"
"Ibáñez, Andy","DET","2025","adj_xhr","20.5",2,0,2,"100","2",2.1,"-0.1"
"Duran, Jarren","BOS","2025","adj_xhr","20.8",1,2,1,"50","2",2.2,"-0.2"
"Kirk, Alejandro","TOR","2025","adj_xhr","25.2",2,0,2,"100","2",2.2,"-0.2"
"Kelenic, Jarred","ATL","2025","adj_xhr","21.1",3,2,0,"0","2",1.9,"0.1"
"Sosa, Lenyn","CWS","2025","adj_xhr","22.6",1,2,1,"50","2",2.6,"-0.6"
"Burleson, Alec","STL","2025","adj_xhr","23.9",1,2,1,"50","2",2.7,"-0.7"
"Meyers, Jake","HOU","2025","adj_xhr","22.8",1,1,2,"100","2",2.9,"-0.9"
"Walker, Jordan","STL","2025","adj_xhr","24.6",0,2,1,"50","2",2.6,"-0.6"
"Correa, Carlos","MIN","2025","adj_xhr","24.9",3,1,1,"50","2",2.1,"-0.1"
"Valdez, Enmanuel","PIT","2025","adj_xhr","25.8",2,2,1,"50","2",2.1,"-0.1"
"Refsnyder, Rob","BOS","2025","adj_xhr","20.2",1,1,1,"50","2",2.2,"-0.2"
"Pagés, Pedro","STL","2025","adj_xhr","23.2",3,1,1,"50","2",2.1,"-0.1"
"Noel, Jhonkensy","CLE","2025","adj_xhr","24.6",1,0,2,"100","2",2.1,"-0.1"
"Maton, Nick","CWS","2025","adj_xhr","22.6",1,1,1,"50","2",2.1,"-0.1"
"Raley, Luke","SEA","2025","adj_xhr","24.2",1,1,1,"50","2",2.1,"-0.1"
"Scott II, Victor","STL","2025","adj_xhr","24",1,1,1,"50","2",1.8,"0.2"
"Heyward, Jason","SD","2025","adj_xhr","23.5",1,1,1,"50","2",1.7,"0.3"
"Maldonado, Martín","SD","2025","adj_xhr","24.3",1,2,0,"0","2",1.5,"0.5"
"Urías, Ramón","BAL","2025","adj_xhr","23.1",1,2,0,"0","2",1.3,"0.7"
"Andujar, Miguel","ATH","2025","adj_xhr",,2,1,0,"0","2",1.1,"0.9"
"Rosario, Amed","WSH","2025","adj_xhr","23.1",2,0,1,"50","2",1.1,"0.9"
"Canario, Alexander","PIT","2025","adj_xhr","22.1",1,2,0,"0","2",1,"1.0"
"Julien, Edouard","MIN","2025","adj_xhr","21.9",1,2,0,"0","2",0.8,"1.2"
"Rafaela, Ceddanne","BOS","2025","adj_xhr","20.7",4,4,1,"50","2",4,"-2.0"
"Perez, Salvador","KC","2025","adj_xhr","27.7",8,5,1,"50","2",4.6,"-2.6"
"Jeffers, Ryan","MIN","2025","adj_xhr","23.8",1,3,2,"100","2",4.3,"-2.3"
"Vargas, Miguel","CWS","2025","adj_xhr","23.7",2,3,1,"50","2",3.1,"-1.1"
"Lopez, Otto","MIA","2025","adj_xhr","23.7",4,2,0,"0","2",2.3,"-0.3"
"Bichette, Bo","TOR","2025","adj_xhr","25.5",4,1,1,"50","2",2,"0.0"
"Caratini, Victor","HOU","2025","adj_xhr","24.7",1,1,0,"0","2",0.8,"1.2"
"Encarnacion-Strand, Christian","CIN","2025","adj_xhr","23.7",1,0,1,"50","2",1,"1.0"
"White, Eli","ATL","2025","adj_xhr","20.9",1,0,1,"50","2",1,"1.0"
"Peraza, Oswald","NYY","2025","adj_xhr","23.5",1,0,1,"50","2",1,"1.0"
"Frazier, Adam","PIT","2025","adj_xhr","22",0,2,0,"0","2",1.2,"0.8"
"Bogaerts, Xander","SD","2025","adj_xhr","25.2",3,1,0,"0","2",0.6,"1.4"
"Turner, Trea","PHI","2025","adj_xhr","23",4,1,2,"100","2",3,"-1.0"
"Mountcastle, Ryan","BAL","2025","adj_xhr","24.6",3,2,2,"100","2",2.8,"-0.8"
"Jones, Nolan","CLE","2025","adj_xhr","22.9",4,1,2,"100","2",2.8,"-0.8"
"Lukes, Nathan","TOR","2025","adj_xhr","21.5",0,2,0,"0","2",1.4,"0.6"
"Fitzgerald, Tyler","SF","2025","adj_xhr","21.7",0,2,0,"0","2",1.6,"0.4"
"O'Neill, Tyler","BAL","2025","adj_xhr","22",3,2,0,"0","2",2.2,"-0.2"
"Dezenzo, Zach","HOU","2025","adj_xhr","22.6",0,0,1,"100","1",1,"0.0"
"Ortiz, Joey","MIL","2025","adj_xhr","21.1",2,0,0,"0","1",0.3,"0.7"
"Caballero, José","TB","2025","adj_xhr","26",1,1,0,"0","1",0.3,"0.7"
"Huff, Sam","SF","2025","adj_xhr","20.6",2,0,0,"0","1",0.3,"0.7"
"Moreno, Gabriel","AZ","2025","adj_xhr","24.9",1,1,0,"0","1",0.5,"0.5"
"Wade Jr., LaMonte","SF","2025","adj_xhr","20.7",1,1,0,"0","1",0.8,"0.2"
"Hill, Derek","MIA","2025","adj_xhr","21.8",1,1,0,"0","1",0.8,"0.2"
"Barger, Addison","TOR","2025","adj_xhr","21.3",1,1,0,"0","1",0.8,"0.2"
"Malloy, Justyn-Henry","DET","2025","adj_xhr","22.5",1,1,0,"0","1",0.9,"0.1"
"Saggese, Thomas","STL","2025","adj_xhr","23.5",1,0,1,"100","1",1,"0.0"
"Capra, Vinny","MIL","2025","adj_xhr","21.7",1,1,0,"0","1",1,"0.0"
"Roden, Alan","TOR","2025","adj_xhr","21.4",1,0,1,"100","1",1,"0.0"
"Harris, Dustin","TEX","2025","adj_xhr","19.4",1,1,0,"0","1",1,"0.0"
"Rojas, Johan","PHI","2025","adj_xhr","23.9",1,1,0,"0","1",1,"0.0"
"Pozo, Yohel","STL","2025","adj_xhr","28.5",1,0,1,"100","1",1,"0.0"
"Sánchez, Jesús","MIA","2025","adj_xhr","28.9",1,0,1,"100","1",1.1,"-0.1"
"Waters, Drew","KC","2025","adj_xhr","24.5",1,0,1,"100","1",1.1,"-0.1"
"Gorski, Matt","PIT","2025","adj_xhr","22.9",1,0,1,"100","1",1.1,"-0.1"
"Sanoja, Javier","MIA","2025","adj_xhr","23.3",1,1,0,"0","1",1.1,"-0.1"
"Collins, Isaac","MIL","2025","adj_xhr","24.3",1,1,0,"0","1",1.1,"-0.1"
"Slater, Austin","CWS","2025","adj_xhr","21.6",1,0,1,"100","1",1.1,"-0.1"
"Heineman, Tyler","TOR","2025","adj_xhr","22.7",1,0,1,"100","1",1.1,"-0.1"
"Rengifo, Luis","LAA","2025","adj_xhr","22.9",1,0,1,"100","1",1.1,"-0.1"
"Outman, James","LAD","2025","adj_xhr","23",0,2,0,"0","1",1.2,"-0.2"
"McKinstry, Zach","DET","2025","adj_xhr","22",0,2,0,"0","1",1.2,"-0.2"
"Taylor, Tyrone","NYM","2025","adj_xhr","20.4",1,0,1,"100","1",1.2,"-0.2"
"Fermin, Freddy","KC","2025","adj_xhr","24.4",1,0,1,"100","1",1.2,"-0.2"
"Veen, Zac","COL","2025","adj_xhr","24",1,0,1,"100","1",1.2,"-0.2"
"Carter, Evan","TEX","2025","adj_xhr","20.1",0,1,1,"100","1",1.4,"-0.4"
"Conine, Griffin","MIA","2025","adj_xhr","21.7",0,1,1,"100","1",1.5,"-0.5"
"Walls, Taylor","TB","2025","adj_xhr","22.4",0,2,0,"0","1",1.5,"-0.5"
"Palacios, Joshua","CWS","2025","adj_xhr",,0,1,1,"100","1",1.5,"-0.5"
"Lux, Gavin","CIN","2025","adj_xhr","22.8",3,0,0,"0","1",0.3,"0.7"
"Durbin, Caleb","MIL","2025","adj_xhr","20.4",2,1,0,"0","1",0.7,"0.3"
"Rojas, Miguel","LAD","2025","adj_xhr","22.6",2,1,0,"0","1",0.7,"0.3"
"Bliss, Ryan","SEA","2025","adj_xhr","21.6",2,1,0,"0","1",0.8,"0.2"
"Bart, Joey","PIT","2025","adj_xhr","23",2,1,0,"0","1",1,"0.0"
"Straw, Myles","TOR","2025","adj_xhr","20.7",2,1,0,"0","1",1,"0.0"
"Williamson, Ben","SEA","2025","adj_xhr","20.8",1,1,1,"100","1",1.5,"-0.5"
"Amador, Adael","COL","2025","adj_xhr","25.1",1,2,0,"0","1",1.5,"-0.5"
"Gorman, Nolan","STL","2025","adj_xhr","22.3",1,2,0,"0","1",1.6,"-0.6"
"Thaiss, Matt","CWS","2025","adj_xhr","22.4",0,2,1,"100","1",1.7,"-0.7"
"Higashioka, Kyle","TEX","2025","adj_xhr","25.3",1,2,0,"0","1",1.9,"-0.9"
"Torrens, Luis","NYM","2025","adj_xhr","35.5",7,0,0,"0","1",0.7,"0.3"
"Hayes, Ke'Bryan","PIT","2025","adj_xhr","22",2,2,0,"0","1",0.9,"0.1"
"Garver, Mitch","SEA","2025","adj_xhr","27.6",3,1,0,"0","1",0.9,"0.1"
"Rodgers, Brendan","HOU","2025","adj_xhr","21.6",2,2,0,"0","1",1.2,"-0.2"
"Bohm, Alec","PHI","2025","adj_xhr","21.6",1,3,0,"0","1",1.4,"-0.4"
"Martínez, Angel","CLE","2025","adj_xhr","26.1",2,2,0,"0","1",1.4,"-0.4"
"Wallner, Matt","MIN","2025","adj_xhr","21.9",2,2,0,"0","1",1.6,"-0.6"
"Winker, Jesse","NYM","2025","adj_xhr","23.4",2,2,0,"0","1",1.7,"-0.7"
"Grichuk, Randal","AZ","2025","adj_xhr","23.2",2,1,1,"100","1",1.8,"-0.8"
"Norby, Connor","MIA","2025","adj_xhr","24.3",1,2,1,"100","1",1.8,"-0.8"
"Pederson, Joc","TEX","2025","adj_xhr","29.2",2,1,1,"100","1",1.9,"-0.9"
"Castro, Willi","MIN","2025","adj_xhr","21.7",1,2,1,"100","1",2.1,"-1.1"
"Melendez, MJ","KC","2025","adj_xhr","20.9",1,2,1,"100","1",2.4,"-1.4"
"Triolo, Jared","PIT","2025","adj_xhr","21.4",1,2,1,"100","1",2.7,"-1.7"
"India, Jonathan","KC","2025","adj_xhr","21.3",4,2,0,"0","1",1.3,"-0.3"
"Muncy, Max","LAD","2025","adj_xhr","23.6",4,1,1,"100","1",1.9,"-0.9"
"Jansen, Danny","TB","2025","adj_xhr","25.2",2,4,0,"0","1",2.4,"-1.4"
"Taylor, Michael A.","CWS","2025","adj_xhr","23",2,4,0,"0","1",2.5,"-1.5"
"Massey, Michael","KC","2025","adj_xhr","22.6",2,2,1,"100","1",2.5,"-1.5"
"Taveras, Leody","SEA","2025","adj_xhr","23",1,0,0,"0","1",0.1,"0.9"
"Hamilton, David","BOS","2025","adj_xhr","19.6",1,0,0,"0","1",0.2,"0.8"
"Dunn, Blake","CIN","2025","adj_xhr","21.1",1,0,0,"0","1",0.2,"0.8"
"Shaw, Matt","CHC","2025","adj_xhr","20.6",0,1,0,"0","1",0.3,"0.7"
"Cabrera, Oswaldo","NYY","2025","adj_xhr","22.2",0,1,0,"0","1",0.3,"0.7"
"Stephenson, Tyler","CIN","2025","adj_xhr","20.9",0,1,0,"0","1",0.4,"0.6"
"Biggio, Cavan","KC","2025","adj_xhr","21.1",0,1,0,"0","1",0.6,"0.4"
"Bouchard, Sean","COL","2025","adj_xhr","22.7",0,1,0,"0","1",0.6,"0.4"
"Frelick, Sal","MIL","2025","adj_xhr","22",0,1,0,"0","1",0.7,"0.3"
"Gonzales, Nick","PIT","2025","adj_xhr","28.9",0,1,0,"0","1",0.8,"0.2"
"Cowser, Colton","BAL","2025","adj_xhr","20.1",0,1,0,"0","1",0.8,"0.2"
"Brown, Seth","ATH","2025","adj_xhr","22.5",0,1,0,"0","1",0.9,"0.1"
"Alvarez, Francisco","NYM","2025","adj_xhr","24.4",0,1,0,"0","1",0.9,"0.1"
"Hinds, Rece","CIN","2025","adj_xhr","23.8",0,0,1,"100","1",1,"0.0"
"Lugo, Matthew","LAA","2025","adj_xhr","24.6",0,0,1,"100","1",1,"0.0"
"Escarra, J.C.","NYY","2025","adj_xhr","26.1",0,1,0,"0","1",1,"0.0"
"Marsh, Brandon","PHI","2025","adj_xhr","25.7",0,0,1,"100","1",1,"0.0"
"Clemens, Kody","MIN","2025","adj_xhr","23.1",0,0,1,"100","1",1,"0.0"
"Maile, Luke","KC","2025","adj_xhr","23.5",0,0,1,"100","1",1,"0.0"
"Miranda, Jose","MIN","2025","adj_xhr","25.4",0,0,1,"100","1",1,"0.0"
"Fulford, Braxton","COL","2025","adj_xhr","22",0,0,1,"100","1",1,"0.0"
"Herrera, Jose","AZ","2025","adj_xhr","22.1",0,0,1,"100","1",1,"0.0"
"Wilson, Weston","PHI","2025","adj_xhr","24.4",0,0,1,"100","1",1,"0.0"
"Barrero, Jose","STL","2025","adj_xhr","22.3",0,0,1,"100","1",1,"0.0"
"Elko, Tim","CWS","2025","adj_xhr","25.2",0,0,1,"100","1",1,"0.0"
"Muncy, Max","ATH","2025","adj_xhr","19.9",0,0,1,"100","1",1,"0.0"
"Davis, Henry","PIT","2025","adj_xhr","27",0,0,1,"100","1",1,"0.0"
"Barnes, Austin","LAD","2025","adj_xhr",,1,0,0,,"0",0.1,"-0.1"
"McCarthy, Jake","AZ","2025","adj_xhr",,1,0,0,,"0",0.1,"-0.1"
"De La Cruz, Bryan","ATL","2025","adj_xhr",,1,0,0,,"0",0.1,"-0.1"
"Wong, Connor","BOS","2025","adj_xhr",,1,1,0,,"0",0.5,"-0.5"
"Keirsey Jr., DaShawn","MIN","2025","adj_xhr",,1,0,0,,"0",0,"0.0"
"Sosa, Edmundo","PHI","2025","adj_xhr",,1,0,0,,"0",0.1,"-0.1"
"Tena, José","WSH","2025","adj_xhr",,1,0,0,,"0",0.1,"-0.1"
"Pillar, Kevin","TEX","2025","adj_xhr",,1,0,0,,"0",0.1,"-0.1"
"Vázquez, Christian","MIN","2025","adj_xhr",,1,0,0,,"0",0,"0.0"
"d'Arnaud, Travis","LAA","2025","adj_xhr",,1,1,0,,"0",0.5,"-0.5"
"Sogard, Nick","BOS","2025","adj_xhr",,1,0,0,,"0",0,"0.0"
"Bruján, Vidal","CHC","2025","adj_xhr",,1,0,0,,"0",0,"0.0"
"Farmer, Kyle","COL","2025","adj_xhr",,1,0,0,,"0",0,"0.0"
"Rosario, Eddie","ATL","2025","adj_xhr",,1,0,0,,"0",0,"0.0"
"Clement, Ernie","TOR","2025","adj_xhr",,1,0,0,,"0",0,"0.0"
"Hampson, Garrett","AZ","2025","adj_xhr",,1,0,0,,"0",0,"0.0"
"Koss, Christian","SF","2025","adj_xhr",,1,1,0,,"0",0.5,"-0.5"
"Baker, Luken","STL","2025","adj_xhr",,1,0,0,,"0",0,"0.0"
"Call, Alex","WSH","2025","adj_xhr",,1,1,0,,"0",0.5,"-0.5"
"Mastrobuoni, Miles","SEA","2025","adj_xhr",,3,0,0,,"0",0.3,"-0.3"
"Robles, Victor","SEA","2025","adj_xhr",,2,0,0,,"0",0.3,"-0.3"
"Mitchell, Garrett","MIL","2025","adj_xhr",,0,1,0,,"0",0.3,"-0.3"
"Gonzalez, Romy","BOS","2025","adj_xhr",,0,1,0,,"0",0.3,"-0.3"
"Wagner, Will","TOR","2025","adj_xhr",,0,1,0,,"0",0.3,"-0.3"
"Verdugo, Alex","ATL","2025","adj_xhr",,1,1,0,,"0",0.3,"-0.3"
"Mangum, Jake","TB","2025","adj_xhr",,0,1,0,,"0",0.3,"-0.3"
"Bryant, Kris","COL","2025","adj_xhr",,2,0,0,,"0",0.3,"-0.3"
"Fairchild, Stuart","ATL","2025","adj_xhr",,1,2,0,,"0",1.3,"-1.3"
"Bailey, Patrick","SF","2025","adj_xhr",,1,1,0,,"0",1.1,"-1.1"
"Tovar, Ezequiel","COL","2025","adj_xhr",,0,2,0,,"0",1,"-1.0"
"Thomas, Alek","AZ","2025","adj_xhr",,2,1,0,,"0",1,"-1.0"
"Duran, Ezequiel","TEX","2025","adj_xhr",,0,2,0,,"0",0.9,"-0.9"
"Siri, Jose","NYM","2025","adj_xhr",,0,1,0,,"0",0.8,"-0.8"
"Urshela, Gio","ATH","2025","adj_xhr",,1,1,0,,"0",0.7,"-0.7"
"Suwinski, Jack","PIT","2025","adj_xhr",,0,1,0,,"0",0.7,"-0.7"
"Turner, Justin","CHC","2025","adj_xhr",,1,1,0,,"0",0.6,"-0.6"
"Fortes, Nick","MIA","2025","adj_xhr",,2,1,0,,"0",0.6,"-0.6"
"Ornelas, Tirso","SD","2025","adj_xhr",,0,1,0,,"0",0.6,"-0.6"
"Renfroe, Hunter","KC","2025","adj_xhr",,2,1,0,,"0",0.6,"-0.6"
"Pham, Tommy","PIT","2025","adj_xhr",,0,1,0,,"0",0.6,"-0.6"
"Schmitt, Casey","SF","2025","adj_xhr",,0,1,0,,"0",0.3,"-0.3"
"Rogers, Jake","DET","2025","adj_xhr",,1,1,0,,"0",0.3,"-0.3"
"Villar, David","SF","2025","adj_xhr",,1,0,0,,"0",0.2,"-0.2"
"Mateo, Jorge","BAL","2025","adj_xhr",,1,0,0,,"0",0.2,"-0.2"
"Pauley, Graham","MIA","2025","adj_xhr",,2,0,0,,"0",0.2,"-0.2"
"Senger, Hayden","NYM","2025","adj_xhr",,1,0,0,,"0",0.2,"-0.2"
"Nido, Tomás","DET","2025","adj_xhr",,1,0,0,,"0",0.2,"-0.2"
"Kreidler, Ryan","DET","2025","adj_xhr",,1,0,0,,"0",0.1,"-0.1"
"Stallings, Jacob","COL","2025","adj_xhr",,2,0,0,,"0",0.1,"-0.1"
"Rodríguez, Endy","PIT","2025","adj_xhr",,1,0,0,,"0",0.1,"-0.1"
"Quero, Edgar","CWS","2025","adj_xhr",,1,0,0,,"0",0.1,"-0.1"
"Trejo, Alan","COL","2025","adj_xhr",,1,1,0,,"0",0.5,"-0.5"
"Gasper, Mickey","MIN","2025","adj_xhr",,1,0,0,,"0",0.1,"-0.1"
"Rortvedt, Ben","TB","2025","adj_xhr",,1,0,0,,"0",0.1,"-0.1"